private_source_repository	source_commit	source_tree	source_path	public_destination_path	source_sha256	destination_sha256	byte_identical	repository_local_adjustment
/home/jbeck/git/skunkworks	99f3973aca420817ac4eb5a5a1282252326c32e7	843c274726c6094320093e879d6d6288f8a32743	formalization/ContinuityQualification.lean	formalization/ContinuityQualification.lean	4f380b064fe6f725bc46e8262395e1ca5b5d87dab1d79a8b1a56d02ea37d4dee	4f380b064fe6f725bc46e8262395e1ca5b5d87dab1d79a8b1a56d02ea37d4dee	true	NONE
/home/jbeck/git/skunkworks	99f3973aca420817ac4eb5a5a1282252326c32e7	843c274726c6094320093e879d6d6288f8a32743	formalization/ContinuityQualification/Campaign/Qualification.lean	formalization/ContinuityQualification/Campaign/Qualification.lean	2a45fa34d100f363280db1eba5bde09a8679a31bbe9e1f4444de8dde40705bbc	2a45fa34d100f363280db1eba5bde09a8679a31bbe9e1f4444de8dde40705bbc	true	NONE
/home/jbeck/git/skunkworks	99f3973aca420817ac4eb5a5a1282252326c32e7	843c274726c6094320093e879d6d6288f8a32743	formalization/ContinuityQualification/Core.lean	formalization/ContinuityQualification/Core.lean	5229bdd2c6965b7592fd0ee03e7af1bff2c76629d9e134b726d9e58d9b566967	5229bdd2c6965b7592fd0ee03e7af1bff2c76629d9e134b726d9e58d9b566967	true	NONE
/home/jbeck/git/skunkworks	99f3973aca420817ac4eb5a5a1282252326c32e7	843c274726c6094320093e879d6d6288f8a32743	formalization/ContinuityQualification/Hostile.lean	formalization/ContinuityQualification/Hostile.lean	f235af7100c5bcc52fb02690221476bec747c6689e5b3a3a905307c3daf2174f	f235af7100c5bcc52fb02690221476bec747c6689e5b3a3a905307c3daf2174f	true	NONE
/home/jbeck/git/skunkworks	7be5a671276628d150c72e39ae43ff9a01e09085	ada9e0ab322378624627e784db25b35e706ff9d7	formalization/PJ.lean	formalization/PJ.lean	039b7fda1e5c942ffc7588f5cae9a175512bdb239d491100f08996707a6a97c0	039b7fda1e5c942ffc7588f5cae9a175512bdb239d491100f08996707a6a97c0	true	NONE
/home/jbeck/git/skunkworks	7be5a671276628d150c72e39ae43ff9a01e09085	ada9e0ab322378624627e784db25b35e706ff9d7	formalization/PJ/Campaign/CAMPAIGN-LEDGER.md	formalization/PJ/Campaign/CAMPAIGN-LEDGER.md	5dc1e4a4a4454c594b3c43d1114a3c425789dd3ec0eae8b5b52c9b6c1cef5a86	5dc1e4a4a4454c594b3c43d1114a3c425789dd3ec0eae8b5b52c9b6c1cef5a86	true	NONE
/home/jbeck/git/skunkworks	7be5a671276628d150c72e39ae43ff9a01e09085	ada9e0ab322378624627e784db25b35e706ff9d7	formalization/PJ/Campaign/PJ-0-SEAM-CENSUS.md	formalization/PJ/Campaign/PJ-0-SEAM-CENSUS.md	52c72fe776976e61a88a5a0cccb0efc4034bb1d1e71d138bca899fba7c326074	52c72fe776976e61a88a5a0cccb0efc4034bb1d1e71d138bca899fba7c326074	true	NONE
/home/jbeck/git/skunkworks	7be5a671276628d150c72e39ae43ff9a01e09085	ada9e0ab322378624627e784db25b35e706ff9d7	formalization/PJ/Campaign/PJ-1-SIGNATURE-LEDGER.md	formalization/PJ/Campaign/PJ-1-SIGNATURE-LEDGER.md	5a3a38b2b7cc95b6f111e9d9c53290f4d876a0cf15c2d750aa876fd248a2468f	5a3a38b2b7cc95b6f111e9d9c53290f4d876a0cf15c2d750aa876fd248a2468f	true	NONE
/home/jbeck/git/skunkworks	7be5a671276628d150c72e39ae43ff9a01e09085	ada9e0ab322378624627e784db25b35e706ff9d7	formalization/PJ/Campaign/PJ-2-GT-FIDELITY.md	formalization/PJ/Campaign/PJ-2-GT-FIDELITY.md	a6cc05e9326397f9232a87cecef34d7add0e4d74d1d32289ddd4fe252911e72e	a6cc05e9326397f9232a87cecef34d7add0e4d74d1d32289ddd4fe252911e72e	true	NONE
/home/jbeck/git/skunkworks	7be5a671276628d150c72e39ae43ff9a01e09085	ada9e0ab322378624627e784db25b35e706ff9d7	formalization/PJ/Campaign/PJ-3-EXECUTION-CUSTODY-FIDELITY.md	formalization/PJ/Campaign/PJ-3-EXECUTION-CUSTODY-FIDELITY.md	619ed24b88a7198b8cb0d0f499047c9767596c92897cbdc959cecaecfe050386	619ed24b88a7198b8cb0d0f499047c9767596c92897cbdc959cecaecfe050386	true	NONE
/home/jbeck/git/skunkworks	7be5a671276628d150c72e39ae43ff9a01e09085	ada9e0ab322378624627e784db25b35e706ff9d7	formalization/PJ/Campaign/PJ-4-CONTINUITY-FIDELITY.md	formalization/PJ/Campaign/PJ-4-CONTINUITY-FIDELITY.md	ad4f61bb2c88e73e00c59dee7150614570c797fe7b14cca1469397efab73c4ec	ad4f61bb2c88e73e00c59dee7150614570c797fe7b14cca1469397efab73c4ec	true	NONE
/home/jbeck/git/skunkworks	7be5a671276628d150c72e39ae43ff9a01e09085	ada9e0ab322378624627e784db25b35e706ff9d7	formalization/PJ/Campaign/PJ-A-HOSTILE-REVIEW.md	formalization/PJ/Campaign/PJ-A-HOSTILE-REVIEW.md	2c77f49ed0a4393e48624ec4cd9862b6adede05fc38f97229cb1f65d806a9e94	2c77f49ed0a4393e48624ec4cd9862b6adede05fc38f97229cb1f65d806a9e94	true	NONE
/home/jbeck/git/skunkworks	7be5a671276628d150c72e39ae43ff9a01e09085	ada9e0ab322378624627e784db25b35e706ff9d7	formalization/PJ/Campaign/PJ-A-OPERATOR-RATIFICATION_2026-07-22.md	formalization/PJ/Campaign/PJ-A-OPERATOR-RATIFICATION_2026-07-22.md	a59e2c56e8309e1055dca98e76999a84f5df9b33eec837847cda2fa1282e0314	a59e2c56e8309e1055dca98e76999a84f5df9b33eec837847cda2fa1282e0314	true	NONE
/home/jbeck/git/skunkworks	7be5a671276628d150c72e39ae43ff9a01e09085	ada9e0ab322378624627e784db25b35e706ff9d7	formalization/PJ/Campaign/PJ-A-STATICROLE-HELD-OUT.md	formalization/PJ/Campaign/PJ-A-STATICROLE-HELD-OUT.md	104c7a6718f5faa8c8a4bf250a9e90943fe84c91f51ca1deadf0d7bd763d1462	104c7a6718f5faa8c8a4bf250a9e90943fe84c91f51ca1deadf0d7bd763d1462	true	NONE
/home/jbeck/git/skunkworks	7be5a671276628d150c72e39ae43ff9a01e09085	ada9e0ab322378624627e784db25b35e706ff9d7	formalization/PJ/Campaign/PJ-B-FAST-FALSIFICATION_2026-07-22.md	formalization/PJ/Campaign/PJ-B-FAST-FALSIFICATION_2026-07-22.md	0f59643d2e7eb9d6a107a8e739a3a8765c10a75dd723d57cb7543e5dc1f0cd44	0f59643d2e7eb9d6a107a8e739a3a8765c10a75dd723d57cb7543e5dc1f0cd44	true	NONE
/home/jbeck/git/skunkworks	7be5a671276628d150c72e39ae43ff9a01e09085	ada9e0ab322378624627e784db25b35e706ff9d7	formalization/PJ/Campaign/PJ-B-PRIME-CANDIDATE-VERDICT.md	formalization/PJ/Campaign/PJ-B-PRIME-CANDIDATE-VERDICT.md	b45a08b0eee909b6abc5393c67763816854e75d177458bd67c5ffa4df9aa5e03	b45a08b0eee909b6abc5393c67763816854e75d177458bd67c5ffa4df9aa5e03	true	NONE
/home/jbeck/git/skunkworks	7be5a671276628d150c72e39ae43ff9a01e09085	ada9e0ab322378624627e784db25b35e706ff9d7	formalization/PJ/Campaign/PJ-B-PRIME-CHARTER.md	formalization/PJ/Campaign/PJ-B-PRIME-CHARTER.md	bd9b7949a637a457e2482622781b76fca1707ce3f3e3e56262887288976a6383	bd9b7949a637a457e2482622781b76fca1707ce3f3e3e56262887288976a6383	true	NONE
/home/jbeck/git/skunkworks	7be5a671276628d150c72e39ae43ff9a01e09085	ada9e0ab322378624627e784db25b35e706ff9d7	formalization/PJ/Campaign/PJ-B-PRIME-HOSTILE-REVIEW.md	formalization/PJ/Campaign/PJ-B-PRIME-HOSTILE-REVIEW.md	b0053b1a7e7f63881407de2181400b9fcef5a05d96f626bb0cde402b23717a05	b0053b1a7e7f63881407de2181400b9fcef5a05d96f626bb0cde402b23717a05	true	NONE
/home/jbeck/git/skunkworks	7be5a671276628d150c72e39ae43ff9a01e09085	ada9e0ab322378624627e784db25b35e706ff9d7	formalization/PJ/Campaign/PJ-B-PRIME-INSTANCE-FIDELITY.md	formalization/PJ/Campaign/PJ-B-PRIME-INSTANCE-FIDELITY.md	23e815d3314eb4407ec83726a1f241b147e186a4e53c96673203ce96765377cf	23e815d3314eb4407ec83726a1f241b147e186a4e53c96673203ce96765377cf	true	NONE
/home/jbeck/git/skunkworks	7be5a671276628d150c72e39ae43ff9a01e09085	ada9e0ab322378624627e784db25b35e706ff9d7	formalization/PJ/Campaign/PJ-B-PRIME-OPERATOR-RATIFICATION_2026-07-22.md	formalization/PJ/Campaign/PJ-B-PRIME-OPERATOR-RATIFICATION_2026-07-22.md	7e3c58d3144ba4cd81788f13b1f639e60f9d666c37f6a6a0aff92501c0c7b1d0	7e3c58d3144ba4cd81788f13b1f639e60f9d666c37f6a6a0aff92501c0c7b1d0	true	NONE
/home/jbeck/git/skunkworks	7be5a671276628d150c72e39ae43ff9a01e09085	ada9e0ab322378624627e784db25b35e706ff9d7	formalization/PJ/Campaign/PJ-B-PRIME-THEOREM-INVENTORY.md	formalization/PJ/Campaign/PJ-B-PRIME-THEOREM-INVENTORY.md	a86210db9364d34937f86fe730acf8092764ec56cdb72f8ff5d3d3869fa1ac98	a86210db9364d34937f86fe730acf8092764ec56cdb72f8ff5d3d3869fa1ac98	true	NONE
/home/jbeck/git/skunkworks	7be5a671276628d150c72e39ae43ff9a01e09085	ada9e0ab322378624627e784db25b35e706ff9d7	formalization/PJ/Campaign/PJ-B-PRIME-VERIFICATION-RECEIPT.md	formalization/PJ/Campaign/PJ-B-PRIME-VERIFICATION-RECEIPT.md	7a35b35a48afed1fe1008793bcf595df7d4447386fc762289207863b834ed330	7a35b35a48afed1fe1008793bcf595df7d4447386fc762289207863b834ed330	true	NONE
/home/jbeck/git/skunkworks	7be5a671276628d150c72e39ae43ff9a01e09085	ada9e0ab322378624627e784db25b35e706ff9d7	formalization/PJ/Campaign/PJ-C-PRIME-CANDIDATE-VERDICT.md	formalization/PJ/Campaign/PJ-C-PRIME-CANDIDATE-VERDICT.md	5854ffb408fb65a7e5f7adbd8d2c9d1c41354b737d41ea0db4d79d26d62f39f0	5854ffb408fb65a7e5f7adbd8d2c9d1c41354b737d41ea0db4d79d26d62f39f0	true	NONE
/home/jbeck/git/skunkworks	7be5a671276628d150c72e39ae43ff9a01e09085	ada9e0ab322378624627e784db25b35e706ff9d7	formalization/PJ/Campaign/PJ-C-PRIME-CHARTER.md	formalization/PJ/Campaign/PJ-C-PRIME-CHARTER.md	c393f36b9ed812b5d4ada5e5a3a48743bd3d0cfbb20e763ea932e0fc1c1cf86f	c393f36b9ed812b5d4ada5e5a3a48743bd3d0cfbb20e763ea932e0fc1c1cf86f	true	NONE
/home/jbeck/git/skunkworks	7be5a671276628d150c72e39ae43ff9a01e09085	ada9e0ab322378624627e784db25b35e706ff9d7	formalization/PJ/Campaign/PJ-C-PRIME-CONTEXT-TRANSPORT.md	formalization/PJ/Campaign/PJ-C-PRIME-CONTEXT-TRANSPORT.md	e425b423a827345eff94244a54c099b3c47fb568e4685d977567c2851dab32c4	e425b423a827345eff94244a54c099b3c47fb568e4685d977567c2851dab32c4	true	NONE
/home/jbeck/git/skunkworks	7be5a671276628d150c72e39ae43ff9a01e09085	ada9e0ab322378624627e784db25b35e706ff9d7	formalization/PJ/Campaign/PJ-C-PRIME-HOSTILE-REVIEW.md	formalization/PJ/Campaign/PJ-C-PRIME-HOSTILE-REVIEW.md	4444a9f7fbe7b8b5f76da0ae4cdfaee01ebb28c9bb8e06d596e0c6ff463b5099	4444a9f7fbe7b8b5f76da0ae4cdfaee01ebb28c9bb8e06d596e0c6ff463b5099	true	NONE
/home/jbeck/git/skunkworks	7be5a671276628d150c72e39ae43ff9a01e09085	ada9e0ab322378624627e784db25b35e706ff9d7	formalization/PJ/Campaign/PJ-C-PRIME-OPERATOR-RATIFICATION_2026-07-22.md	formalization/PJ/Campaign/PJ-C-PRIME-OPERATOR-RATIFICATION_2026-07-22.md	071e4318370ebe7afe2f4e49d4eebb8b6f40116f7f5bff80fb59c3b634457a78	071e4318370ebe7afe2f4e49d4eebb8b6f40116f7f5bff80fb59c3b634457a78	true	NONE
/home/jbeck/git/skunkworks	7be5a671276628d150c72e39ae43ff9a01e09085	ada9e0ab322378624627e784db25b35e706ff9d7	formalization/PJ/Campaign/PJ-C-PRIME-OWNERSHIP-CLASSIFICATION.md	formalization/PJ/Campaign/PJ-C-PRIME-OWNERSHIP-CLASSIFICATION.md	8e9f0fdc8dadd381df5889d8552917f1652534da438546a71f3224dd9e890db1	8e9f0fdc8dadd381df5889d8552917f1652534da438546a71f3224dd9e890db1	true	NONE
/home/jbeck/git/skunkworks	7be5a671276628d150c72e39ae43ff9a01e09085	ada9e0ab322378624627e784db25b35e706ff9d7	formalization/PJ/Campaign/PJ-C-PRIME-RESIDUAL-THEORIES.md	formalization/PJ/Campaign/PJ-C-PRIME-RESIDUAL-THEORIES.md	c29c1e1094f91d5538919a8003117214c02e5d6968004a0b1d9d49eb2fd3775d	c29c1e1094f91d5538919a8003117214c02e5d6968004a0b1d9d49eb2fd3775d	true	NONE
/home/jbeck/git/skunkworks	7be5a671276628d150c72e39ae43ff9a01e09085	ada9e0ab322378624627e784db25b35e706ff9d7	formalization/PJ/Campaign/PJ-C-PRIME-THEOREM-INVENTORY.md	formalization/PJ/Campaign/PJ-C-PRIME-THEOREM-INVENTORY.md	7a662e76b6e858513b9d852bdad681a047ba883f67aa84f56b362af9ea7e1660	7a662e76b6e858513b9d852bdad681a047ba883f67aa84f56b362af9ea7e1660	true	NONE
/home/jbeck/git/skunkworks	7be5a671276628d150c72e39ae43ff9a01e09085	ada9e0ab322378624627e784db25b35e706ff9d7	formalization/PJ/Campaign/PJ-C-PRIME-VERIFICATION-RECEIPT.md	formalization/PJ/Campaign/PJ-C-PRIME-VERIFICATION-RECEIPT.md	719ee2b1f47b0d546c67e22362b4b9b7a9a59e44663ba6356bd5afde13593219	719ee2b1f47b0d546c67e22362b4b9b7a9a59e44663ba6356bd5afde13593219	true	NONE
/home/jbeck/git/skunkworks	7be5a671276628d150c72e39ae43ff9a01e09085	ada9e0ab322378624627e784db25b35e706ff9d7	formalization/PJ/Campaign/PJ-D-PRIME-CANDIDATE-VERDICT.md	formalization/PJ/Campaign/PJ-D-PRIME-CANDIDATE-VERDICT.md	0805a28564f4072f418947d61d8a9bc94bb10a236b82642b12dbfea736b50b34	0805a28564f4072f418947d61d8a9bc94bb10a236b82642b12dbfea736b50b34	true	NONE
/home/jbeck/git/skunkworks	7be5a671276628d150c72e39ae43ff9a01e09085	ada9e0ab322378624627e784db25b35e706ff9d7	formalization/PJ/Campaign/PJ-D-PRIME-CHARTER.md	formalization/PJ/Campaign/PJ-D-PRIME-CHARTER.md	c467e4c9d435d58ef62827454b4ed1a871cc7f43f70207d08b4524123a12233c	c467e4c9d435d58ef62827454b4ed1a871cc7f43f70207d08b4524123a12233c	true	NONE
/home/jbeck/git/skunkworks	7be5a671276628d150c72e39ae43ff9a01e09085	ada9e0ab322378624627e784db25b35e706ff9d7	formalization/PJ/Campaign/PJ-D-PRIME-CLASSIFICATION.md	formalization/PJ/Campaign/PJ-D-PRIME-CLASSIFICATION.md	59f4372e5c26486c2a896f01d1666e458bb3a26cb6f21b1ab0acc4e4ee538968	59f4372e5c26486c2a896f01d1666e458bb3a26cb6f21b1ab0acc4e4ee538968	true	NONE
/home/jbeck/git/skunkworks	7be5a671276628d150c72e39ae43ff9a01e09085	ada9e0ab322378624627e784db25b35e706ff9d7	formalization/PJ/Campaign/PJ-D-PRIME-COLLAPSE-AUDIT.md	formalization/PJ/Campaign/PJ-D-PRIME-COLLAPSE-AUDIT.md	e4baabcbf5809ca50fcae1105f721e4510d47a722305a45856bd296181076056	e4baabcbf5809ca50fcae1105f721e4510d47a722305a45856bd296181076056	true	NONE
/home/jbeck/git/skunkworks	7be5a671276628d150c72e39ae43ff9a01e09085	ada9e0ab322378624627e784db25b35e706ff9d7	formalization/PJ/Campaign/PJ-D-PRIME-HELD-OUT-OUT-OF-SAMPLE.md	formalization/PJ/Campaign/PJ-D-PRIME-HELD-OUT-OUT-OF-SAMPLE.md	a4b9c39efce8d0351e28cde0cb2979bce5624a481800304adc2e2e1b5389cb91	a4b9c39efce8d0351e28cde0cb2979bce5624a481800304adc2e2e1b5389cb91	true	NONE
/home/jbeck/git/skunkworks	7be5a671276628d150c72e39ae43ff9a01e09085	ada9e0ab322378624627e784db25b35e706ff9d7	formalization/PJ/Campaign/PJ-D-PRIME-OPERATOR-VERDICT_2026-07-22.md	formalization/PJ/Campaign/PJ-D-PRIME-OPERATOR-VERDICT_2026-07-22.md	3efad909f66b2caed45e57606c3c879ad877e902606d4046e057eff7942002aa	3efad909f66b2caed45e57606c3c879ad877e902606d4046e057eff7942002aa	true	NONE
/home/jbeck/git/skunkworks	7be5a671276628d150c72e39ae43ff9a01e09085	ada9e0ab322378624627e784db25b35e706ff9d7	formalization/PJ/Campaign/PJ-D-PRIME-OWNERSHIP-CONTEXT-AUDIT.md	formalization/PJ/Campaign/PJ-D-PRIME-OWNERSHIP-CONTEXT-AUDIT.md	3df990b70e5a0751fbbc7db31501cd4faf5755464e23a89e74a4f8750f8e2c45	3df990b70e5a0751fbbc7db31501cd4faf5755464e23a89e74a4f8750f8e2c45	true	NONE
/home/jbeck/git/skunkworks	7be5a671276628d150c72e39ae43ff9a01e09085	ada9e0ab322378624627e784db25b35e706ff9d7	formalization/PJ/Campaign/PJ-D-PRIME-THEOREM-INVENTORY.md	formalization/PJ/Campaign/PJ-D-PRIME-THEOREM-INVENTORY.md	736c8c028c7cb6778d0d7e8fe0d5836f979f7416c7fd80dec92ea25f87815262	736c8c028c7cb6778d0d7e8fe0d5836f979f7416c7fd80dec92ea25f87815262	true	NONE
/home/jbeck/git/skunkworks	7be5a671276628d150c72e39ae43ff9a01e09085	ada9e0ab322378624627e784db25b35e706ff9d7	formalization/PJ/Campaign/PJ-D-PRIME-VERIFICATION-RECEIPT.md	formalization/PJ/Campaign/PJ-D-PRIME-VERIFICATION-RECEIPT.md	3bb9413e612ab3b6075924245f8235939a1acef446ea988818ae6dcd76f8c5b3	3bb9413e612ab3b6075924245f8235939a1acef446ea988818ae6dcd76f8c5b3	true	NONE
/home/jbeck/git/skunkworks	7be5a671276628d150c72e39ae43ff9a01e09085	ada9e0ab322378624627e784db25b35e706ff9d7	formalization/PJ/Campaign/SOURCE-MANIFEST.tsv	formalization/PJ/Campaign/SOURCE-MANIFEST.tsv	016a82d2a519017bec0680d739718a2ad78072318d6e3dbf6dcc2bf41a85d890	016a82d2a519017bec0680d739718a2ad78072318d6e3dbf6dcc2bf41a85d890	true	NONE
/home/jbeck/git/skunkworks	7be5a671276628d150c72e39ae43ff9a01e09085	ada9e0ab322378624627e784db25b35e706ff9d7	formalization/PJ/Campaign/TRANCHE-A-CANDIDATE-VERDICT.md	formalization/PJ/Campaign/TRANCHE-A-CANDIDATE-VERDICT.md	dcc81cbf01f0d4bfb26f1825f118f2af966a60c510bc157025333b89912b41b3	dcc81cbf01f0d4bfb26f1825f118f2af966a60c510bc157025333b89912b41b3	true	NONE
/home/jbeck/git/skunkworks	7be5a671276628d150c72e39ae43ff9a01e09085	ada9e0ab322378624627e784db25b35e706ff9d7	formalization/PJ/Campaign/TRANCHE-A-CHANGED-PATHS.tsv	formalization/PJ/Campaign/TRANCHE-A-CHANGED-PATHS.tsv	85d8e63a51973b53809f46d21f2711252b7865f9e19520ddf0a3939087104cc2	85d8e63a51973b53809f46d21f2711252b7865f9e19520ddf0a3939087104cc2	true	NONE
/home/jbeck/git/skunkworks	7be5a671276628d150c72e39ae43ff9a01e09085	ada9e0ab322378624627e784db25b35e706ff9d7	formalization/PJ/Campaign/TRANCHE-A-VERIFICATION-RECEIPT.md	formalization/PJ/Campaign/TRANCHE-A-VERIFICATION-RECEIPT.md	f2fb124e863c8af69c8f91fac05ebecd71736a5bd240b1f4c9a071610081f536	f2fb124e863c8af69c8f91fac05ebecd71736a5bd240b1f4c9a071610081f536	true	NONE
/home/jbeck/git/skunkworks	7be5a671276628d150c72e39ae43ff9a01e09085	ada9e0ab322378624627e784db25b35e706ff9d7	formalization/PJ/Campaign/TRANCHE-B-PRIME-CHANGED-PATHS.tsv	formalization/PJ/Campaign/TRANCHE-B-PRIME-CHANGED-PATHS.tsv	89294b920331f61a96036ae364bcb50f6338feb82af7b168ac9a5850346a9dc3	89294b920331f61a96036ae364bcb50f6338feb82af7b168ac9a5850346a9dc3	true	NONE
/home/jbeck/git/skunkworks	7be5a671276628d150c72e39ae43ff9a01e09085	ada9e0ab322378624627e784db25b35e706ff9d7	formalization/PJ/Campaign/TRANCHE-C-PRIME-CHANGED-PATHS.tsv	formalization/PJ/Campaign/TRANCHE-C-PRIME-CHANGED-PATHS.tsv	f8d2112985b4ddc53c4e04f14637b1237c7b629162b7f48a5e141bef9eb2d8ea	f8d2112985b4ddc53c4e04f14637b1237c7b629162b7f48a5e141bef9eb2d8ea	true	NONE
/home/jbeck/git/skunkworks	7be5a671276628d150c72e39ae43ff9a01e09085	ada9e0ab322378624627e784db25b35e706ff9d7	formalization/PJ/Campaign/TRANCHE-D-PRIME-CHANGED-PATHS.tsv	formalization/PJ/Campaign/TRANCHE-D-PRIME-CHANGED-PATHS.tsv	b2688b02b9442ff901b1d798cb0ceb0685262a17b67d57d77837d500317a77e1	b2688b02b9442ff901b1d798cb0ceb0685262a17b67d57d77837d500317a77e1	true	NONE
/home/jbeck/git/skunkworks	7be5a671276628d150c72e39ae43ff9a01e09085	ada9e0ab322378624627e784db25b35e706ff9d7	formalization/PJ/Campaign/TrancheAQualification.lean	formalization/PJ/Campaign/TrancheAQualification.lean	2d132b17c0443d2c8cf88314ed4b8a563aef29e9677524cc4d276085c02a4abb	2d132b17c0443d2c8cf88314ed4b8a563aef29e9677524cc4d276085c02a4abb	true	NONE
/home/jbeck/git/skunkworks	7be5a671276628d150c72e39ae43ff9a01e09085	ada9e0ab322378624627e784db25b35e706ff9d7	formalization/PJ/Campaign/TrancheBPrimeQualification.lean	formalization/PJ/Campaign/TrancheBPrimeQualification.lean	73b637e8baa3ec6d667300a63230b96ea85fa3a24af24ace263018c2291d2893	73b637e8baa3ec6d667300a63230b96ea85fa3a24af24ace263018c2291d2893	true	NONE
/home/jbeck/git/skunkworks	7be5a671276628d150c72e39ae43ff9a01e09085	ada9e0ab322378624627e784db25b35e706ff9d7	formalization/PJ/Campaign/TrancheCPrimeQualification.lean	formalization/PJ/Campaign/TrancheCPrimeQualification.lean	deeef5fb15da41fc528b53f939fea28dd1dd863d52b3eb07869095be334098eb	deeef5fb15da41fc528b53f939fea28dd1dd863d52b3eb07869095be334098eb	true	NONE
/home/jbeck/git/skunkworks	7be5a671276628d150c72e39ae43ff9a01e09085	ada9e0ab322378624627e784db25b35e706ff9d7	formalization/PJ/Campaign/TrancheDPrimeQualification.lean	formalization/PJ/Campaign/TrancheDPrimeQualification.lean	0068b95ba3a12ed3e1fe0731b9ff3e116fd3604916929015bdf61535c8d41e42	0068b95ba3a12ed3e1fe0731b9ff3e116fd3604916929015bdf61535c8d41e42	true	NONE
/home/jbeck/git/skunkworks	7be5a671276628d150c72e39ae43ff9a01e09085	ada9e0ab322378624627e784db25b35e706ff9d7	formalization/PJ/Campaign/declaration-manifest.json	formalization/PJ/Campaign/declaration-manifest.json	be2b092ed2e08e948858e7d7a6ae77893b1baf36b6d95cb58050401cfbe2955a	be2b092ed2e08e948858e7d7a6ae77893b1baf36b6d95cb58050401cfbe2955a	true	NONE
/home/jbeck/git/skunkworks	7be5a671276628d150c72e39ae43ff9a01e09085	ada9e0ab322378624627e784db25b35e706ff9d7	formalization/PJ/Campaign/tranche-b-prime-declaration-manifest.json	formalization/PJ/Campaign/tranche-b-prime-declaration-manifest.json	c7544b561271ca64f0c15d8f7c9a980b7cf7eb3da8ce020f0aece3c3aebfebc4	c7544b561271ca64f0c15d8f7c9a980b7cf7eb3da8ce020f0aece3c3aebfebc4	true	NONE
/home/jbeck/git/skunkworks	7be5a671276628d150c72e39ae43ff9a01e09085	ada9e0ab322378624627e784db25b35e706ff9d7	formalization/PJ/Campaign/tranche-c-prime-declaration-manifest.json	formalization/PJ/Campaign/tranche-c-prime-declaration-manifest.json	09c203d95157afb0ef379668f64753a9e74fb22c7e2387c8efde7c5e5d4821ab	09c203d95157afb0ef379668f64753a9e74fb22c7e2387c8efde7c5e5d4821ab	true	NONE
/home/jbeck/git/skunkworks	7be5a671276628d150c72e39ae43ff9a01e09085	ada9e0ab322378624627e784db25b35e706ff9d7	formalization/PJ/Campaign/tranche-d-prime-declaration-manifest.json	formalization/PJ/Campaign/tranche-d-prime-declaration-manifest.json	5b4947101d4610fa86c536449e4eba399b601cf4c1b3cb396579d668b39f6e6a	5b4947101d4610fa86c536449e4eba399b601cf4c1b3cb396579d668b39f6e6a	true	NONE
/home/jbeck/git/skunkworks	7be5a671276628d150c72e39ae43ff9a01e09085	ada9e0ab322378624627e784db25b35e706ff9d7	formalization/PJ/Core.lean	formalization/PJ/Core.lean	1d86bee97f92f2644d8605a05d6a31deaa3584f55582d4a09b638718ffff185c	1d86bee97f92f2644d8605a05d6a31deaa3584f55582d4a09b638718ffff185c	true	NONE
/home/jbeck/git/skunkworks	7be5a671276628d150c72e39ae43ff9a01e09085	ada9e0ab322378624627e784db25b35e706ff9d7	formalization/PJ/HeldOut/StaticRole.lean	formalization/PJ/HeldOut/StaticRole.lean	5361d37c6d80c794a7af44c4db76d4f07403e94d6302e0a2c9ddd950afa8fce2	5361d37c6d80c794a7af44c4db76d4f07403e94d6302e0a2c9ddd950afa8fce2	true	NONE
/home/jbeck/git/skunkworks	7be5a671276628d150c72e39ae43ff9a01e09085	ada9e0ab322378624627e784db25b35e706ff9d7	formalization/PJ/Hostile.lean	formalization/PJ/Hostile.lean	803f1abb62c1d742bdc4801b02e71c71c4eb589978045ee810eebda31299f06a	803f1abb62c1d742bdc4801b02e71c71c4eb589978045ee810eebda31299f06a	true	NONE
/home/jbeck/git/skunkworks	7be5a671276628d150c72e39ae43ff9a01e09085	ada9e0ab322378624627e784db25b35e706ff9d7	formalization/PJ/Instances/ExecutionCustody.lean	formalization/PJ/Instances/ExecutionCustody.lean	b9ae6e6614bd8fbc3606eb4cc748d78ebe4189c8ef5d4b4b282decbf5272ec09	b9ae6e6614bd8fbc3606eb4cc748d78ebe4189c8ef5d4b4b282decbf5272ec09	true	NONE
/home/jbeck/git/skunkworks	7be5a671276628d150c72e39ae43ff9a01e09085	ada9e0ab322378624627e784db25b35e706ff9d7	formalization/PJ/Instances/GovernedTransport.lean	formalization/PJ/Instances/GovernedTransport.lean	96c7c44b1a088b9c431fc6a89fe7f3d38a771b8241ecd1f274fbd0cc14cdac84	9b10553296b62d5e44a33e29afba7778de8cb7ee535eec4534ae9955a352578e	false	GT_PUBLIC_MODULE_PATH_AND_NAMESPACE_ALPHA_SUBSTITUTION
/home/jbeck/git/skunkworks	7be5a671276628d150c72e39ae43ff9a01e09085	ada9e0ab322378624627e784db25b35e706ff9d7	formalization/PJ/Instances/SomeoneContinuity.lean	formalization/PJ/Instances/SomeoneContinuity.lean	3ef72653cbccd35e2926320b50bd8e7fd8e5d7589901f1663cf59b0560151b8a	3ef72653cbccd35e2926320b50bd8e7fd8e5d7589901f1663cf59b0560151b8a	true	NONE
/home/jbeck/git/skunkworks	7be5a671276628d150c72e39ae43ff9a01e09085	ada9e0ab322378624627e784db25b35e706ff9d7	formalization/PJ/TrancheBPrime/AntiMinting.lean	formalization/PJ/TrancheBPrime/AntiMinting.lean	04ec388545b510d9863860656fe4cec13fe746a3f8d382c9cd36684b53b068cd	04ec388545b510d9863860656fe4cec13fe746a3f8d382c9cd36684b53b068cd	true	NONE
/home/jbeck/git/skunkworks	7be5a671276628d150c72e39ae43ff9a01e09085	ada9e0ab322378624627e784db25b35e706ff9d7	formalization/PJ/TrancheBPrime/HeldOutStaticRole.lean	formalization/PJ/TrancheBPrime/HeldOutStaticRole.lean	69f3129137032132212bd7d8dffb5b3daddc0f203370669e0afbf5b0d7d3a998	69f3129137032132212bd7d8dffb5b3daddc0f203370669e0afbf5b0d7d3a998	true	NONE
/home/jbeck/git/skunkworks	7be5a671276628d150c72e39ae43ff9a01e09085	ada9e0ab322378624627e784db25b35e706ff9d7	formalization/PJ/TrancheBPrime/Instances.lean	formalization/PJ/TrancheBPrime/Instances.lean	a4c20f5cff9ac14dc352a6bcd6ffebabf7f545470ccdee927937fedec8ae4538	17353309d1cd8b8330b1195cc49c83be5652ccfb055cb4e592db33dd9c4f5e12	false	GT_PUBLIC_NAMESPACE_ALPHA_SUBSTITUTION
/home/jbeck/git/skunkworks	7be5a671276628d150c72e39ae43ff9a01e09085	ada9e0ab322378624627e784db25b35e706ff9d7	formalization/PJ/TrancheCPrime/ContextTransport.lean	formalization/PJ/TrancheCPrime/ContextTransport.lean	7e18ab59cc054c229e6230ae3b6acc83e9aa4231d047a32933e26c5f9b342de5	75a7de1f3c1dec72ffa2fe346f399dd450d391d6bfb7b3acc8fa9c23c879f3c2	false	GT_PUBLIC_MODULE_PATH_AND_NAMESPACE_ALPHA_SUBSTITUTION
/home/jbeck/git/skunkworks	7be5a671276628d150c72e39ae43ff9a01e09085	ada9e0ab322378624627e784db25b35e706ff9d7	formalization/PJ/TrancheCPrime/Ownership.lean	formalization/PJ/TrancheCPrime/Ownership.lean	7440b5b06c43efd95ea7c6fd36699a3a7505ae67ae7ba06e1e2748057183dada	7440b5b06c43efd95ea7c6fd36699a3a7505ae67ae7ba06e1e2748057183dada	true	NONE
/home/jbeck/git/skunkworks	7be5a671276628d150c72e39ae43ff9a01e09085	ada9e0ab322378624627e784db25b35e706ff9d7	formalization/PJ/TrancheDPrime/CollapseHostiles.lean	formalization/PJ/TrancheDPrime/CollapseHostiles.lean	e760f4fd3982fa05ffa866b40673207b8fa6bdbb740c09a029a7f2dd8d6eb07e	e760f4fd3982fa05ffa866b40673207b8fa6bdbb740c09a029a7f2dd8d6eb07e	true	NONE
/home/jbeck/git/skunkworks	7be5a671276628d150c72e39ae43ff9a01e09085	ada9e0ab322378624627e784db25b35e706ff9d7	formalization/PJ/TrancheDPrime/OutOfSampleAdmissibility.lean	formalization/PJ/TrancheDPrime/OutOfSampleAdmissibility.lean	ebfc0124d113704c97d31977682c701163b4d64c0743b8500004246d309ed19d	ebfc0124d113704c97d31977682c701163b4d64c0743b8500004246d309ed19d	true	NONE
/home/jbeck/git/skunkworks	0dc621b782b0898152e325633cad1fbcb33b2f01	f7ff0342aacfc4f0998ebacfd2c3b6b95b748b98	formalization/StaticRole.lean	formalization/StaticRole.lean	df5f17e7e10181ed9baa52c4000f0f9d37908834885aba4b2428e515eaef2288	df5f17e7e10181ed9baa52c4000f0f9d37908834885aba4b2428e515eaef2288	true	NONE
/home/jbeck/git/skunkworks	0dc621b782b0898152e325633cad1fbcb33b2f01	f7ff0342aacfc4f0998ebacfd2c3b6b95b748b98	formalization/StaticRole/Campaign/PHASE-THREE-OPERATOR-RATIFICATION_2026-07-22.md	formalization/StaticRole/Campaign/PHASE-THREE-OPERATOR-RATIFICATION_2026-07-22.md	1dfdd49b87e00fa74d76864e6b677f44ae9061efb2107da099092873f5c9c04b	1dfdd49b87e00fa74d76864e6b677f44ae9061efb2107da099092873f5c9c04b	true	NONE
/home/jbeck/git/skunkworks	0dc621b782b0898152e325633cad1fbcb33b2f01	f7ff0342aacfc4f0998ebacfd2c3b6b95b748b98	formalization/StaticRole/Campaign/PHASE-THREE-QUALIFICATION.md	formalization/StaticRole/Campaign/PHASE-THREE-QUALIFICATION.md	0c32969a640e410d2db3f2cf4b0789a2866b9a53150d540a951ff0d8bffd124c	0c32969a640e410d2db3f2cf4b0789a2866b9a53150d540a951ff0d8bffd124c	true	NONE
/home/jbeck/git/skunkworks	0dc621b782b0898152e325633cad1fbcb33b2f01	f7ff0342aacfc4f0998ebacfd2c3b6b95b748b98	formalization/StaticRole/Campaign/PHASE-TWO-OPERATOR-RATIFICATION_2026-07-22.md	formalization/StaticRole/Campaign/PHASE-TWO-OPERATOR-RATIFICATION_2026-07-22.md	38ed1304f20308b499045c5f44cad07122778d0e2cdc8c2970363cf4d2c4f5e1	38ed1304f20308b499045c5f44cad07122778d0e2cdc8c2970363cf4d2c4f5e1	true	NONE
/home/jbeck/git/skunkworks	0dc621b782b0898152e325633cad1fbcb33b2f01	f7ff0342aacfc4f0998ebacfd2c3b6b95b748b98	formalization/StaticRole/Campaign/PhaseThreeQualification.lean	formalization/StaticRole/Campaign/PhaseThreeQualification.lean	32b99cf453eab3621c6a4e27e99db16faacf687d07ada2c37bfe9e0ac29b7445	32b99cf453eab3621c6a4e27e99db16faacf687d07ada2c37bfe9e0ac29b7445	true	NONE
/home/jbeck/git/skunkworks	0dc621b782b0898152e325633cad1fbcb33b2f01	f7ff0342aacfc4f0998ebacfd2c3b6b95b748b98	formalization/StaticRole/Campaign/QUALIFICATION.md	formalization/StaticRole/Campaign/QUALIFICATION.md	02a015518a14563c62af6dd4e3e800666bcb9d89dd58ec852890057a37bbc5df	02a015518a14563c62af6dd4e3e800666bcb9d89dd58ec852890057a37bbc5df	true	NONE
/home/jbeck/git/skunkworks	0dc621b782b0898152e325633cad1fbcb33b2f01	f7ff0342aacfc4f0998ebacfd2c3b6b95b748b98	formalization/StaticRole/Campaign/Qualification.lean	formalization/StaticRole/Campaign/Qualification.lean	33ba70b7f55077485740d76841e07253b3bd557fe4ae853c34788a91de362389	33ba70b7f55077485740d76841e07253b3bd557fe4ae853c34788a91de362389	true	NONE
/home/jbeck/git/skunkworks	0dc621b782b0898152e325633cad1fbcb33b2f01	f7ff0342aacfc4f0998ebacfd2c3b6b95b748b98	formalization/StaticRole/Core/CausalBase.lean	formalization/StaticRole/Core/CausalBase.lean	8b3d2b90fb4c8d61753766d59a725177049e4448486dcd0a57364d680cbb94f4	8b3d2b90fb4c8d61753766d59a725177049e4448486dcd0a57364d680cbb94f4	true	NONE
/home/jbeck/git/skunkworks	0dc621b782b0898152e325633cad1fbcb33b2f01	f7ff0342aacfc4f0998ebacfd2c3b6b95b748b98	formalization/StaticRole/Core/Centers.lean	formalization/StaticRole/Core/Centers.lean	2266bb3cf64d4e57de01180c6818f41da506e4b352a1b1cd2905f94650cc38bf	2266bb3cf64d4e57de01180c6818f41da506e4b352a1b1cd2905f94650cc38bf	true	NONE
/home/jbeck/git/skunkworks	0dc621b782b0898152e325633cad1fbcb33b2f01	f7ff0342aacfc4f0998ebacfd2c3b6b95b748b98	formalization/StaticRole/Core/Roles.lean	formalization/StaticRole/Core/Roles.lean	0c5d7176136c4f4fbf81ec00ef6af89c808cdcd477afd67469410262125d7bea	0c5d7176136c4f4fbf81ec00ef6af89c808cdcd477afd67469410262125d7bea	true	NONE
/home/jbeck/git/skunkworks	0dc621b782b0898152e325633cad1fbcb33b2f01	f7ff0342aacfc4f0998ebacfd2c3b6b95b748b98	formalization/StaticRole/Countermodels/CoherenceHostiles.lean	formalization/StaticRole/Countermodels/CoherenceHostiles.lean	e29059c3e1184d764eb67b5419acd62d297cb77decde9cfcce4ec823414dd25c	e29059c3e1184d764eb67b5419acd62d297cb77decde9cfcce4ec823414dd25c	true	NONE
/home/jbeck/git/skunkworks	0dc621b782b0898152e325633cad1fbcb33b2f01	f7ff0342aacfc4f0998ebacfd2c3b6b95b748b98	formalization/StaticRole/Countermodels/DependencyChain.lean	formalization/StaticRole/Countermodels/DependencyChain.lean	a7cb2541a8fe9230ed683b1843584d7ffdcfcd5cf1aa5ac83900fe2e087c0bec	a7cb2541a8fe9230ed683b1843584d7ffdcfcd5cf1aa5ac83900fe2e087c0bec	true	NONE
/home/jbeck/git/skunkworks	0dc621b782b0898152e325633cad1fbcb33b2f01	f7ff0342aacfc4f0998ebacfd2c3b6b95b748b98	formalization/StaticRole/Countermodels/Provenance.lean	formalization/StaticRole/Countermodels/Provenance.lean	aa0985ef6e24685381df8aa19df03abdfb43aca516fa2aa8d5da845130ece1da	aa0985ef6e24685381df8aa19df03abdfb43aca516fa2aa8d5da845130ece1da	true	NONE
/home/jbeck/git/skunkworks	0dc621b782b0898152e325633cad1fbcb33b2f01	f7ff0342aacfc4f0998ebacfd2c3b6b95b748b98	formalization/StaticRole/Countermodels/RoleHierarchy.lean	formalization/StaticRole/Countermodels/RoleHierarchy.lean	2860dc96da9769af8ef5feda1090d3e45a415da3a691c579777e954553d962a9	2860dc96da9769af8ef5feda1090d3e45a415da3a691c579777e954553d962a9	true	NONE
/home/jbeck/git/skunkworks	0dc621b782b0898152e325633cad1fbcb33b2f01	f7ff0342aacfc4f0998ebacfd2c3b6b95b748b98	formalization/StaticRole/Countermodels/UptakeHostiles.lean	formalization/StaticRole/Countermodels/UptakeHostiles.lean	b80cbd152a81fb4f752a63eb230d804347e31670a412345dc874d3e86f0671c8	b80cbd152a81fb4f752a63eb230d804347e31670a412345dc874d3e86f0671c8	true	NONE
/home/jbeck/git/skunkworks	0dc621b782b0898152e325633cad1fbcb33b2f01	f7ff0342aacfc4f0998ebacfd2c3b6b95b748b98	formalization/StaticRole/Functional/Dependence.lean	formalization/StaticRole/Functional/Dependence.lean	db9c4f59868f29bc13d648d0c7602745455b9795649b11ad203d601452ffe2f0	db9c4f59868f29bc13d648d0c7602745455b9795649b11ad203d601452ffe2f0	true	NONE
/home/jbeck/git/skunkworks	0dc621b782b0898152e325633cad1fbcb33b2f01	f7ff0342aacfc4f0998ebacfd2c3b6b95b748b98	formalization/StaticRole/Functional/Uptake.lean	formalization/StaticRole/Functional/Uptake.lean	841b933a79589b9d7031d12545f8c90eb5f4186d22714c22f04bd1a61ee4384b	841b933a79589b9d7031d12545f8c90eb5f4186d22714c22f04bd1a61ee4384b	true	NONE
/home/jbeck/git/skunkworks	0dc621b782b0898152e325633cad1fbcb33b2f01	f7ff0342aacfc4f0998ebacfd2c3b6b95b748b98	formalization/StaticRole/Information/Forecasts.lean	formalization/StaticRole/Information/Forecasts.lean	bb39ebd90e5a74b1e628b43da460f132e22a5183061233dacd660b54dba207c1	bb39ebd90e5a74b1e628b43da460f132e22a5183061233dacd660b54dba207c1	true	NONE
/home/jbeck/git/skunkworks	0dc621b782b0898152e325633cad1fbcb33b2f01	f7ff0342aacfc4f0998ebacfd2c3b6b95b748b98	formalization/StaticRole/Information/Layer.lean	formalization/StaticRole/Information/Layer.lean	e709b4281e9b6bbd68c23ffe1bfc963436dc44e329f56c454fa8fae4af7e9e08	e709b4281e9b6bbd68c23ffe1bfc963436dc44e329f56c454fa8fae4af7e9e08	true	NONE
/home/jbeck/git/skunkworks	0dc621b782b0898152e325633cad1fbcb33b2f01	f7ff0342aacfc4f0998ebacfd2c3b6b95b748b98	formalization/StaticRole/Information/Records.lean	formalization/StaticRole/Information/Records.lean	92239f78b7293f9657640a0b2b3210d6adb968a288a22b39663712a98cd6ea99	92239f78b7293f9657640a0b2b3210d6adb968a288a22b39663712a98cd6ea99	true	NONE
/home/jbeck/git/skunkworks	0dc621b782b0898152e325633cad1fbcb33b2f01	f7ff0342aacfc4f0998ebacfd2c3b6b95b748b98	formalization/StaticRole/Model/Expansion.lean	formalization/StaticRole/Model/Expansion.lean	e9ba93b3f6e742201af7b8091cde228de8e252d4ea7d9aef2e59390c96a121cb	e9ba93b3f6e742201af7b8091cde228de8e252d4ea7d9aef2e59390c96a121cb	true	NONE
/home/jbeck/git/skunkworks	0dc621b782b0898152e325633cad1fbcb33b2f01	f7ff0342aacfc4f0998ebacfd2c3b6b95b748b98	formalization/StaticRole/Model/Isomorphism.lean	formalization/StaticRole/Model/Isomorphism.lean	0de3843d97ff85898de2fb3032e2e1922f5152fa6495f91b4c35c6f6f9dbbe04	0de3843d97ff85898de2fb3032e2e1922f5152fa6495f91b4c35c6f6f9dbbe04	true	NONE
/home/jbeck/git/skunkworks	0dc621b782b0898152e325633cad1fbcb33b2f01	f7ff0342aacfc4f0998ebacfd2c3b6b95b748b98	formalization/StaticRole/Model/Transport.lean	formalization/StaticRole/Model/Transport.lean	2956fbbb41da513ebb1e8da0d45a64089c41cbf79f81597971d8d01be1df853b	2956fbbb41da513ebb1e8da0d45a64089c41cbf79f81597971d8d01be1df853b	true	NONE
/home/jbeck/git/skunkworks	0dc621b782b0898152e325633cad1fbcb33b2f01	f7ff0342aacfc4f0998ebacfd2c3b6b95b748b98	formalization/StaticRole/Model/UptakeIsomorphism.lean	formalization/StaticRole/Model/UptakeIsomorphism.lean	ddc108371d1d1b1bc153b799c54c20a16e22008e5d2521596abee88466098086	ddc108371d1d1b1bc153b799c54c20a16e22008e5d2521596abee88466098086	true	NONE
/home/jbeck/git/skunkworks	0dc621b782b0898152e325633cad1fbcb33b2f01	f7ff0342aacfc4f0998ebacfd2c3b6b95b748b98	formalization/StaticRole/Model/UptakeTransport.lean	formalization/StaticRole/Model/UptakeTransport.lean	808ae5e99d4b5c1eab1a5513d84dc98f220e9b64d2e81b8d31c8d0df0056d72f	808ae5e99d4b5c1eab1a5513d84dc98f220e9b64d2e81b8d31c8d0df0056d72f	true	NONE
/home/jbeck/git/skunkworks	0dc621b782b0898152e325633cad1fbcb33b2f01	f7ff0342aacfc4f0998ebacfd2c3b6b95b748b98	formalization/StaticRole/Representation/DeSeProjection.lean	formalization/StaticRole/Representation/DeSeProjection.lean	6c0879646f8d411f2a010056aa0cc2142e5871685bf0682f3996bdf84731f031	6c0879646f8d411f2a010056aa0cc2142e5871685bf0682f3996bdf84731f031	true	NONE
/home/jbeck/git/skunkworks	0dc621b782b0898152e325633cad1fbcb33b2f01	f7ff0342aacfc4f0998ebacfd2c3b6b95b748b98	formalization/StaticRole/Representation/Layer.lean	formalization/StaticRole/Representation/Layer.lean	5b130ab7d720a1a1e9c2cffd23328674282958de9e8f198decb32aff597f0e29	5b130ab7d720a1a1e9c2cffd23328674282958de9e8f198decb32aff597f0e29	true	NONE
/home/jbeck/git/skunkworks	0dc621b782b0898152e325633cad1fbcb33b2f01	f7ff0342aacfc4f0998ebacfd2c3b6b95b748b98	formalization/StaticRole/Representation/RoleEncoding.lean	formalization/StaticRole/Representation/RoleEncoding.lean	e9ce00573807c6d573a314e60c3f2a498c137c0147fd3c8e5cd67226a523c795	e9ce00573807c6d573a314e60c3f2a498c137c0147fd3c8e5cd67226a523c795	true	NONE
/home/jbeck/git/skunkworks	0dc621b782b0898152e325633cad1fbcb33b2f01	f7ff0342aacfc4f0998ebacfd2c3b6b95b748b98	formalization/StaticRole/Representation/SelfReference.lean	formalization/StaticRole/Representation/SelfReference.lean	3f2bd4943e3763a6f80c366c5c14f0c2b9b0c0adecfcaf822fe6ab61401fb3b3	3f2bd4943e3763a6f80c366c5c14f0c2b9b0c0adecfcaf822fe6ab61401fb3b3	true	NONE
/home/jbeck/git/skunkworks	0dc621b782b0898152e325633cad1fbcb33b2f01	f7ff0342aacfc4f0998ebacfd2c3b6b95b748b98	formalization/StaticRole/Representation/Succession.lean	formalization/StaticRole/Representation/Succession.lean	c548066cc885dc48f82a3c9f398db10e76610b3c5133a82ec18371cae37b03a2	c548066cc885dc48f82a3c9f398db10e76610b3c5133a82ec18371cae37b03a2	true	NONE
/home/jbeck/git/skunkworks	0dc621b782b0898152e325633cad1fbcb33b2f01	f7ff0342aacfc4f0998ebacfd2c3b6b95b748b98	formalization/StaticRole/Theorems/ExpansionIndependence.lean	formalization/StaticRole/Theorems/ExpansionIndependence.lean	57da366949fc8d00b1e2f2f3e4e27a39d3309b25b6c765739468b74c29dd470e	57da366949fc8d00b1e2f2f3e4e27a39d3309b25b6c765739468b74c29dd470e	true	NONE
/home/jbeck/git/skunkworks	0dc621b782b0898152e325633cad1fbcb33b2f01	f7ff0342aacfc4f0998ebacfd2c3b6b95b748b98	formalization/StaticRole/Theorems/UptakeIndependence.lean	formalization/StaticRole/Theorems/UptakeIndependence.lean	daf7b04e70e9096f39636c364f04665765af196d2d1514d3d68ccb72e363d9a1	daf7b04e70e9096f39636c364f04665765af196d2d1514d3d68ccb72e363d9a1	true	NONE
/home/jbeck/git/skunkworks	99f3973aca420817ac4eb5a5a1282252326c32e7	843c274726c6094320093e879d6d6288f8a32743	formalization/docs/someone-continuity-qualification-2026-07-22/CANDIDATE-VERDICT.md	formalization/docs/someone-continuity-qualification-2026-07-22/CANDIDATE-VERDICT.md	fde872aa119469a1c67be354e3cc6db8340057857c3203ad8f260ec37175668d	fde872aa119469a1c67be354e3cc6db8340057857c3203ad8f260ec37175668d	true	NONE
/home/jbeck/git/skunkworks	99f3973aca420817ac4eb5a5a1282252326c32e7	843c274726c6094320093e879d6d6288f8a32743	formalization/docs/someone-continuity-qualification-2026-07-22/CHARTER.md	formalization/docs/someone-continuity-qualification-2026-07-22/CHARTER.md	8d2b84ef327dbc2dcfcc3853b9e1d6b40e81483d16b0631d4b113e09eed790b9	8d2b84ef327dbc2dcfcc3853b9e1d6b40e81483d16b0631d4b113e09eed790b9	true	NONE
/home/jbeck/git/skunkworks	99f3973aca420817ac4eb5a5a1282252326c32e7	843c274726c6094320093e879d6d6288f8a32743	formalization/docs/someone-continuity-qualification-2026-07-22/CLAIMS-NOT-EARNED.md	formalization/docs/someone-continuity-qualification-2026-07-22/CLAIMS-NOT-EARNED.md	478433dd73352d6e1437a2a38b95fb66e8ba9cff48ff1b27aa722e558d8e821a	478433dd73352d6e1437a2a38b95fb66e8ba9cff48ff1b27aa722e558d8e821a	true	NONE
/home/jbeck/git/skunkworks	99f3973aca420817ac4eb5a5a1282252326c32e7	843c274726c6094320093e879d6d6288f8a32743	formalization/docs/someone-continuity-qualification-2026-07-22/FIDELITY-LEDGER.md	formalization/docs/someone-continuity-qualification-2026-07-22/FIDELITY-LEDGER.md	31e3d5db4c9e5d2fe19227722d8b09a56fdb6667a53b08fe3d4de2330651e938	31e3d5db4c9e5d2fe19227722d8b09a56fdb6667a53b08fe3d4de2330651e938	true	NONE
/home/jbeck/git/skunkworks	99f3973aca420817ac4eb5a5a1282252326c32e7	843c274726c6094320093e879d6d6288f8a32743	formalization/docs/someone-continuity-qualification-2026-07-22/HOSTILE-REVIEW.md	formalization/docs/someone-continuity-qualification-2026-07-22/HOSTILE-REVIEW.md	003404e103c9b56a0bd70fc17248255cb7aeae069f4bcef90d911916ea1ce874	003404e103c9b56a0bd70fc17248255cb7aeae069f4bcef90d911916ea1ce874	true	NONE
/home/jbeck/git/skunkworks	99f3973aca420817ac4eb5a5a1282252326c32e7	843c274726c6094320093e879d6d6288f8a32743	formalization/docs/someone-continuity-qualification-2026-07-22/OPERATOR-RATIFICATION.md	formalization/docs/someone-continuity-qualification-2026-07-22/OPERATOR-RATIFICATION.md	bb6b0453b1be426f08471545a53ffb7f037e0d797c175dd248540535d81c61c0	bb6b0453b1be426f08471545a53ffb7f037e0d797c175dd248540535d81c61c0	true	NONE
/home/jbeck/git/skunkworks	99f3973aca420817ac4eb5a5a1282252326c32e7	843c274726c6094320093e879d6d6288f8a32743	formalization/docs/someone-continuity-qualification-2026-07-22/SOURCE-FREEZE.md	formalization/docs/someone-continuity-qualification-2026-07-22/SOURCE-FREEZE.md	e9dad89b6b794bd300413b9302228ef31f6527c437621b5d91c390a077f9c3df	e9dad89b6b794bd300413b9302228ef31f6527c437621b5d91c390a077f9c3df	true	NONE
/home/jbeck/git/skunkworks	99f3973aca420817ac4eb5a5a1282252326c32e7	843c274726c6094320093e879d6d6288f8a32743	formalization/docs/someone-continuity-qualification-2026-07-22/STATUS.md	formalization/docs/someone-continuity-qualification-2026-07-22/STATUS.md	c0bdc5a2b10101f636ca2874bb3c75280c9daed4367625479af8ad98c2f16ea7	c0bdc5a2b10101f636ca2874bb3c75280c9daed4367625479af8ad98c2f16ea7	true	NONE
/home/jbeck/git/skunkworks	99f3973aca420817ac4eb5a5a1282252326c32e7	843c274726c6094320093e879d6d6288f8a32743	formalization/docs/someone-continuity-qualification-2026-07-22/THEOREM-INVENTORY.md	formalization/docs/someone-continuity-qualification-2026-07-22/THEOREM-INVENTORY.md	edb7988665c6567acc42fdc319dc0f98251d18b9e7b4f5ae3dbda3a98e30afcb	edb7988665c6567acc42fdc319dc0f98251d18b9e7b4f5ae3dbda3a98e30afcb	true	NONE
/home/jbeck/git/skunkworks	99f3973aca420817ac4eb5a5a1282252326c32e7	843c274726c6094320093e879d6d6288f8a32743	formalization/docs/someone-continuity-qualification-2026-07-22/VERIFICATION-RECEIPT.md	formalization/docs/someone-continuity-qualification-2026-07-22/VERIFICATION-RECEIPT.md	2e236b046e33984db7cfad360b3964bbb95f751170de8aadf4b22fff3ce97223	2e236b046e33984db7cfad360b3964bbb95f751170de8aadf4b22fff3ce97223	true	NONE
/home/jbeck/git/skunkworks	99f3973aca420817ac4eb5a5a1282252326c32e7	843c274726c6094320093e879d6d6288f8a32743	formalization/docs/someone-continuity-qualification-2026-07-22/declaration-manifest.json	formalization/docs/someone-continuity-qualification-2026-07-22/declaration-manifest.json	521c437be1d7f2ac93d0dfded7b368158a339cad8ee004ffb29d41120848c3b9	521c437be1d7f2ac93d0dfded7b368158a339cad8ee004ffb29d41120848c3b9	true	NONE
/home/jbeck/git/skunkworks	99f3973aca420817ac4eb5a5a1282252326c32e7	843c274726c6094320093e879d6d6288f8a32743	formalization/docs/someone-continuity-qualification-2026-07-22/source-manifest.tsv	formalization/docs/someone-continuity-qualification-2026-07-22/source-manifest.tsv	7e13415bebb25946c268867801c576a7f82555f889796dfe682542e70be3e7be	7e13415bebb25946c268867801c576a7f82555f889796dfe682542e70be3e7be	true	NONE
/home/jbeck/git/skunkworks	7be5a671276628d150c72e39ae43ff9a01e09085	ada9e0ab322378624627e784db25b35e706ff9d7	formalization/scripts/PJTrancheADeclarationDump.lean	formalization/scripts/PJTrancheADeclarationDump.lean	bc7c1d27550a3fb22ed9f4de50e5da306624bda1ef55338a02be900d63452ec9	bc7c1d27550a3fb22ed9f4de50e5da306624bda1ef55338a02be900d63452ec9	true	NONE
/home/jbeck/git/skunkworks	7be5a671276628d150c72e39ae43ff9a01e09085	ada9e0ab322378624627e784db25b35e706ff9d7	formalization/scripts/PJTrancheBPrimeDeclarationDump.lean	formalization/scripts/PJTrancheBPrimeDeclarationDump.lean	1eafaad93e2edcb9ff64cbaffd1e1d5a1c329cb82edbce36659cf3b90dab57ac	1eafaad93e2edcb9ff64cbaffd1e1d5a1c329cb82edbce36659cf3b90dab57ac	true	NONE
/home/jbeck/git/skunkworks	7be5a671276628d150c72e39ae43ff9a01e09085	ada9e0ab322378624627e784db25b35e706ff9d7	formalization/scripts/PJTrancheCPrimeDeclarationDump.lean	formalization/scripts/PJTrancheCPrimeDeclarationDump.lean	394c7514b22435464fccb770d3ddd50c29973e40e1b6c6625af16042dfeea73b	394c7514b22435464fccb770d3ddd50c29973e40e1b6c6625af16042dfeea73b	true	NONE
/home/jbeck/git/skunkworks	7be5a671276628d150c72e39ae43ff9a01e09085	ada9e0ab322378624627e784db25b35e706ff9d7	formalization/scripts/PJTrancheDPrimeDeclarationDump.lean	formalization/scripts/PJTrancheDPrimeDeclarationDump.lean	66e33b66d9933d2867c4f60088c7f9f77bd7b2f04896c82ac8bf99e73b2cf43b	66e33b66d9933d2867c4f60088c7f9f77bd7b2f04896c82ac8bf99e73b2cf43b	true	NONE
/home/jbeck/git/skunkworks	99f3973aca420817ac4eb5a5a1282252326c32e7	843c274726c6094320093e879d6d6288f8a32743	formalization/scripts/SomeoneContinuityDeclarationDump.lean	formalization/scripts/SomeoneContinuityDeclarationDump.lean	fa62bacca4ac897b98786255f5b6b26ba252f941591645d7436750f6098739b3	fa62bacca4ac897b98786255f5b6b26ba252f941591645d7436750f6098739b3	true	NONE
/home/jbeck/git/skunkworks	7be5a671276628d150c72e39ae43ff9a01e09085	ada9e0ab322378624627e784db25b35e706ff9d7	formalization/scripts/check-pj-tranche-a.py	formalization/scripts/check-pj-tranche-a.py	018d729d1084b9afbe524ab951a49357fafe2f7745546f7143290aed749346f2	018d729d1084b9afbe524ab951a49357fafe2f7745546f7143290aed749346f2	true	NONE
/home/jbeck/git/skunkworks	7be5a671276628d150c72e39ae43ff9a01e09085	ada9e0ab322378624627e784db25b35e706ff9d7	formalization/scripts/check-pj-tranche-b-prime.py	formalization/scripts/check-pj-tranche-b-prime.py	7ddf1fb1d95dae1e943561083795ecfa86284214ce9cd102a4cdf8b9dee9e2a2	7ddf1fb1d95dae1e943561083795ecfa86284214ce9cd102a4cdf8b9dee9e2a2	true	NONE
/home/jbeck/git/skunkworks	7be5a671276628d150c72e39ae43ff9a01e09085	ada9e0ab322378624627e784db25b35e706ff9d7	formalization/scripts/check-pj-tranche-c-prime.py	formalization/scripts/check-pj-tranche-c-prime.py	d7a140ec1f027470e505e396b34c3800ec89a573d9196d46e0d6ff919ff2b77b	d7a140ec1f027470e505e396b34c3800ec89a573d9196d46e0d6ff919ff2b77b	true	NONE
/home/jbeck/git/skunkworks	7be5a671276628d150c72e39ae43ff9a01e09085	ada9e0ab322378624627e784db25b35e706ff9d7	formalization/scripts/check-pj-tranche-d-prime.py	formalization/scripts/check-pj-tranche-d-prime.py	1e7b9c969b259f697d5161e2bcc0b9870628b15e7c558c52c6b9102ef0615b3e	1e7b9c969b259f697d5161e2bcc0b9870628b15e7c558c52c6b9102ef0615b3e	true	NONE
/home/jbeck/git/skunkworks	99f3973aca420817ac4eb5a5a1282252326c32e7	843c274726c6094320093e879d6d6288f8a32743	formalization/scripts/check-someone-continuity-qualification.py	formalization/scripts/check-someone-continuity-qualification.py	d30b84bd3c4b405c5ec2bc6233c37aa24e15dba2839e6ac0c56b9700a2180f32	d30b84bd3c4b405c5ec2bc6233c37aa24e15dba2839e6ac0c56b9700a2180f32	true	NONE
/home/jbeck/git/skunkworks	b00d76535ab6848eb2db80cb68601a07b118c4ef	8c7e42e8c97659763e5573d063a54fb1d5af1d45	someone/README.md	someone/README.md	84b9de361812d24f1de0051a1870ce98d51f6f86c8a4e222076b0307c87c87d6	84b9de361812d24f1de0051a1870ce98d51f6f86c8a4e222076b0307c87c87d6	true	NONE
/home/jbeck/git/skunkworks	b00d76535ab6848eb2db80cb68601a07b118c4ef	8c7e42e8c97659763e5573d063a54fb1d5af1d45	someone/SPECIMENS.md	someone/SPECIMENS.md	fce77d65606f5fae03ea8a97e2b62e27788538d5906c4621adf34d9c42ca6448	fce77d65606f5fae03ea8a97e2b62e27788538d5906c4621adf34d9c42ca6448	true	NONE
/home/jbeck/git/skunkworks	b00d76535ab6848eb2db80cb68601a07b118c4ef	8c7e42e8c97659763e5573d063a54fb1d5af1d45	someone/STATUS.md	someone/STATUS.md	23bb0de411f4185317cf725d63ba08b1f4831f9ab760c4505fceb2d77ed3ca57	23bb0de411f4185317cf725d63ba08b1f4831f9ab760c4505fceb2d77ed3ca57	true	NONE
/home/jbeck/git/skunkworks	b00d76535ab6848eb2db80cb68601a07b118c4ef	8c7e42e8c97659763e5573d063a54fb1d5af1d45	someone/Someone.lean	someone/Someone.lean	efe928e1802218b879867199736fe5dbb5e8dfbddf68dcf09ef499e8077ead44	efe928e1802218b879867199736fe5dbb5e8dfbddf68dcf09ef499e8077ead44	true	NONE
/home/jbeck/git/skunkworks	b00d76535ab6848eb2db80cb68601a07b118c4ef	8c7e42e8c97659763e5573d063a54fb1d5af1d45	someone/lean-toolchain	someone/lean-toolchain	651c8accb402b0c071cd336e9d3dc0a55516b1bfb434ddc4801f14936785b1d2	651c8accb402b0c071cd336e9d3dc0a55516b1bfb434ddc4801f14936785b1d2	true	NONE
/home/jbeck/git/skunkworks	b00d76535ab6848eb2db80cb68601a07b118c4ef	8c7e42e8c97659763e5573d063a54fb1d5af1d45	someone/multi-agent-candidate.md	someone/multi-agent-candidate.md	39b839e8702f7288329dfd3d277e56ffa237c970ce69439c53741efc1187980b	39b839e8702f7288329dfd3d277e56ffa237c970ce69439c53741efc1187980b	true	NONE
/home/jbeck/git/lean	9dca58f4587a4a4f5b724662b176af8de3040c04	7e2b27939bafe7a214085112af2777e395b1b94f	lakefile.toml	lakefile.toml	9ccfbcc5fe177f358e723c7962b5f32e5e706d1d959e91bc400b9b7e06efc31b	6eeeb077cce1c5410811dcfb493a39263b0195b8775d7f3dac9550f47bb7bdb3	false	TEMPORARY_NON_DEFAULT_V15_TARGET_DECLARATION
